{"cameraMode":{"drawMode":0,"name":"Shaded","section":"Shading Mode"},"sceneLighting":true,"audioPlay":false,"sceneViewState":{"m_AlwaysRefresh":false,"showFog":true,"showSkybox":false,"showFlares":true,"showImageEffects":true,"showParticleSystems":true,"showVisualEffectGraphs":true,"m_FxEnabled":true},"in2DMode":false,"pivot":{"x":68.4316177368164,"y":11.01355266571045,"z":67.70841217041016},"rotation":{"x":-0.0022703586146235468,"y":-0.5365750789642334,"z":-0.0014436390483751894,"w":0.8438513278961182},"size":9.092645645141602,"orthographic":false}